term,estimate,std.error,statistic,p.value,conf.low,conf.high,model
intention_timeframe1–2 years,3.199,0.14673439303341243,7.924907773201358,0,2.397,4.263,M1
intention_timeframe< 1 year,21.321,0.17391282096672062,17.5932890771068,0,15.241,30.158,M1
