term,estimate,std.error,statistic,p.value,conf.low,conf.high,concordance,model
intention_timeframe1–2 years,3.077,0.13252977026128018,8.48109026953415,0,2.373,3.99,0.758,Cox_M2
intention_timeframe< 1 year,14.085,0.11923639825931415,22.183520311682102,0,11.149,17.793,0.758,Cox_M2
age,0.979,0.006922448598833874,-3.068332500495455,0.0022,0.966,0.992,0.758,Cox_M2
sexWoman,1.111,0.10358664875177635,1.0152322611589928,0.31,0.907,1.361,0.758,Cox_M2
srh,1.094,0.05077096380382831,1.7669770494087127,0.0772,0.99,1.208,0.758,Cox_M2
