term,estimate,std.error,statistic,p.value,conf.low,conf.high,concordance,model
age,0.979,0.00714616129541348,-2.9929305372480983,0.0028,0.965,0.993,0.588,Cox_stratified
sexWoman,1.122,0.10491067605672484,1.0954355972715426,0.2733,0.913,1.378,0.588,Cox_stratified
srh,1.085,0.053012033421926834,1.5368259723855362,0.1243,0.978,1.204,0.588,Cox_stratified
housing_suitability,1.271,0.09935749252405501,2.416114603419776,0.0157,1.046,1.545,0.588,Cox_stratified
home_satisfaction,0.843,0.060761561987233974,-2.8033028961963686,0.0051,0.749,0.95,0.588,Cox_stratified
neighbourhood_cohesion,1.025,0.10768950108634243,0.22636905490204293,0.8209,0.83,1.265,0.588,Cox_stratified
