term,estimate,std.error,statistic,p.value,conf.low,conf.high,concordance,model
intention_timeframe1–2 years,2.814,0.13072960706002124,7.914712738304898,0,2.178,3.636,0.739,Cox_M1
intention_timeframe< 1 year,13.771,0.11863778412228172,22.105718840758655,0,10.914,17.376,0.739,Cox_M1
